{
  "timestamp": "2025-08-04 16:37:57",
  "system_info": {
    "gpu_available": true,
    "gpu_name": "NVIDIA GeForce RTX 4060 Laptop GPU",
    "cpu_cores": 16,
    "ram_gb": 15.692100524902344,
    "pytorch_version": "2.5.1+cu121",
    "cuda_version": "12.1"
  },
  "test_configuration": {
    "num_test_images": 21,
    "iterations_per_model": 25,
    "warmup_iterations": 3
  },
  "results": {
    "corners": {
      "cpu": {
        "device": "cpu",
        "avg_time_ms": 138.38475227355957,
        "std_time_ms": 5.349848990857915,
        "min_time_ms": 126.27863883972168,
        "max_time_ms": 151.383638381958,
        "fps": 7.226229650093211,
        "total_time": 3.460615873336792,
        "iterations": 25,
        "times": [
          0.13258910179138184,
          0.13968968391418457,
          0.14268970489501953,
          0.14449715614318848,
          0.1421523094177246,
          0.12858271598815918,
          0.14041352272033691,
          0.14073443412780762,
          0.12970304489135742,
          0.1370251178741455,
          0.13560271263122559,
          0.13523507118225098,
          0.14380502700805664,
          0.14120006561279297,
          0.13610243797302246,
          0.13666892051696777,
          0.14357328414916992,
          0.13794946670532227,
          0.151383638381958,
          0.1399068832397461,
          0.13604187965393066,
          0.14201140403747559,
          0.12627863883972168,
          0.13789796829223633,
          0.13788461685180664
        ]
      },
      "gpu": {
        "device": "cuda",
        "avg_time_ms": 42.29220390319824,
        "std_time_ms": 1.4071468915586396,
        "min_time_ms": 40.24195671081543,
        "max_time_ms": 47.548532485961914,
        "fps": 23.645019831288046,
        "total_time": 1.057305097579956,
        "iterations": 25,
        "times": [
          0.04304361343383789,
          0.04024195671081543,
          0.043366193771362305,
          0.041374921798706055,
          0.041495561599731445,
          0.0441899299621582,
          0.04171586036682129,
          0.04323315620422363,
          0.04262542724609375,
          0.042075395584106445,
          0.0428621768951416,
          0.04219365119934082,
          0.04225587844848633,
          0.04247403144836426,
          0.04226517677307129,
          0.041643381118774414,
          0.04099607467651367,
          0.047548532485961914,
          0.04127216339111328,
          0.04124879837036133,
          0.04273080825805664,
          0.041214942932128906,
          0.04117918014526367,
          0.043070316314697266,
          0.04098796844482422
        ]
      },
      "speedup": 3.272110211856199
    },
    "pieces": {
      "cpu": {
        "device": "cpu",
        "avg_time_ms": 137.46281623840332,
        "std_time_ms": 5.293712501182814,
        "min_time_ms": 124.53985214233398,
        "max_time_ms": 145.2789306640625,
        "fps": 7.274694549147667,
        "total_time": 3.437570333480835,
        "iterations": 25,
        "times": [
          0.13870954513549805,
          0.14028429985046387,
          0.14377689361572266,
          0.13668537139892578,
          0.1437513828277588,
          0.1452789306640625,
          0.135603666305542,
          0.13301777839660645,
          0.13305926322937012,
          0.1419837474822998,
          0.13548541069030762,
          0.14153170585632324,
          0.1396491527557373,
          0.1352851390838623,
          0.12648344039916992,
          0.13389134407043457,
          0.13988780975341797,
          0.135514497756958,
          0.12986207008361816,
          0.1451432704925537,
          0.14212274551391602,
          0.13927984237670898,
          0.13631701469421387,
          0.12453985214233398,
          0.13942623138427734
        ]
      },
      "gpu": {
        "device": "cuda",
        "avg_time_ms": 45.691423416137695,
        "std_time_ms": 2.486833585122936,
        "min_time_ms": 41.646480560302734,
        "max_time_ms": 51.81574821472168,
        "fps": 21.885945440841997,
        "total_time": 1.1422855854034424,
        "iterations": 25,
        "times": [
          0.041646480560302734,
          0.04289865493774414,
          0.048423051834106445,
          0.05098128318786621,
          0.05181574821472168,
          0.04358816146850586,
          0.04331564903259277,
          0.05072617530822754,
          0.044448137283325195,
          0.04379081726074219,
          0.04573655128479004,
          0.0442194938659668,
          0.04625821113586426,
          0.04398655891418457,
          0.045511722564697266,
          0.044516563415527344,
          0.044405460357666016,
          0.04469013214111328,
          0.045050621032714844,
          0.0458681583404541,
          0.04755067825317383,
          0.04715991020202637,
          0.04494595527648926,
          0.0459437370300293,
          0.04480767250061035
        ]
      },
      "speedup": 3.008503696338184
    },
    "pipeline": {
      "cpu": {
        "total_time_s": 0.2758475685119629,
        "pipeline_fps": 3.62519055503885,
        "models_included": 2
      },
      "gpu": {
        "total_time_s": 0.08798362731933593,
        "pipeline_fps": 11.365750997859038,
        "models_included": 2
      },
      "speedup": 3.1352147770718317
    },
    "comparison": {
      "reported_fps": 52,
      "measured": {
        "cpu": 3.62519055503885,
        "gpu": 11.365750997859038
      },
      "gap_analysis": {
        "cpu": {
          "ratio": 0.06971520298151634,
          "percentage": 6.971520298151635,
          "times_slower": 14.344073562622071
        },
        "gpu": {
          "ratio": 0.21857213457421226,
          "percentage": 21.857213457421228,
          "times_slower": 4.575148620605468
        }
      }
    }
  }
}